model,classifier,train_ims,condition,acc,ci,ci_low,ci_high
3yrold_fast,,,complete,0.720244715610355,0.07239691617282897,0.647847799437526,0.7926416317831839
3yrold_slow,,,complete,0.8391865079365081,0.06944147988841297,0.7697450280480951,0.908627987824921
4yrold_fast,,,complete,0.7366662137149622,0.08861585668816668,0.6480503570267955,0.825282070403129
4yrold_slow,,,complete,0.8646373025823835,0.07269502558622443,0.791942276996159,0.9373323281686079
5yrold_fast,,,complete,0.834794721492478,0.05453114065937843,0.7802635808330995,0.8893258621518565
5yrold_slow,,,complete,0.9337535014005602,0.03986202246345547,0.8938914789371047,0.9736155238640157
